일자,사업장,단위,배출구,가동시간(h),정지시간(h),판정불가슬롯,수집슬롯,커버리지
2026-10-02,㈜에스파워,전체,1+2,17.0,5.5,0,45,94%
2026-10-02,광명사업단,전체,1+2,0.0,22.5,0,45,94%
2026-10-02,안산도시개발㈜,배출구2,2,0.0,22.5,0,45,94%
2026-10-02,GS파워(안양),1호기,7,0.0,20.5,4,45,94%
2026-10-02,GS파워(안양),2호기,8,22.0,0.0,1,45,94%
2026-10-02,GS파워(부천),전체,1+2+3,0.0,19.5,6,45,94%
2026-10-02,청라에너지(김포),전체,5,0.0,22.5,0,45,94%
2026-10-02,인천종합에너지㈜,전체,1+2,12.0,9.0,3,45,94%
2026-10-02,위드인천에너지(주),전체,1,0.0,22.5,0,45,94%
2026-10-02,나래ES(위례),전체,1,22.0,0.0,0,44,92%
2026-10-02,나래ES(하남),전체,1,10.5,12.0,0,45,94%
2026-10-02,디에스파워㈜,전체,1+2,17.0,0.0,11,45,94%
2026-10-02,평택에너지앤파워(주),전체,1+2+3,0.0,22.5,0,45,94%
2026-10-02,포천파워㈜,1호기,1+2,14.5,6.5,3,45,94%
2026-10-02,포천파워㈜,2호기,3+4,0.0,22.5,0,45,94%
2026-10-02,포천민자발전㈜,전체,1+2+3,17.5,3.5,3,45,94%
2026-10-02,동두천드림파워㈜,1호기,1+2,11.5,8.5,5,45,94%
2026-10-02,동두천드림파워㈜,2호기,3+4,16.5,6.0,0,45,94%
2026-10-02,통영에코파워(주),전체,1+2,20.5,0.0,4,45,94%
2026-10-02,울산 지피에스 주식회사,전체,6+7,4.5,15.0,6,45,94%
